Slug,Title,Date,Intro,Image,URL,Quarter,Year,Author
digital-technologies-nonprofits,How to harness the power of digital technologies for non-profits,4/5/2021,An applied example: Ersilia Open Source Initiative,This-Just-In-Digital-Development-818x460.jpeg (https://v5.airtableusercontent.com/v3/u/28/28/1714485600000/UPQdCGwh63AXnMKWse3zQg/u0Ncm52EJX8oqug2otc7GIzlPdFHWatd0jmmK30aMydBeKRVa_ZDG1EO4tHoVpJjwJqgOvVcE0vOjgHRV9AUk0CYgE-113rIfCLZEwhcbUK88PMmdnNc4kY1Clq_FgR1hxRbkFnbliDrVkY-J2118rr2kuLDgpDvdtEqFRAAXewlMpy1fA7goOgFnsvoiXFS/COMf6VNqVz3Xtf5NYR_iXL0bmh1cJFXux_Dld_jUJfI),https://medium.com/ersiliaio/how-to-harness-the-power-of-digital-technologies-for-non-profits-24176b63a4a7,Q2,2021,Gemma Turon Rodrigo
cloud-citadel,Our small charity explained to digital nomads,14/6/2021,We stayed at Cloud Citadel coliving space,cloud-citadel.jpeg (https://v5.airtableusercontent.com/v3/u/28/28/1714485600000/woTDUsf3h7of5c_2HhL0nA/z0PhaOTM2j3pMlKXxe3UACgsWqZjhpPJpCRB53xqN1tjkAvdW_KePwcA1NVxjyXwhY2OpotegrDq8HWMS1rtGqArRQ74tzuo1lCHvH6wZNDEe7kpV1VYukvun_WZuA7oygWO3tdfwmFKVJUWjLAKDQ/Vva-EIvAHGpA47hPuzV1TfwwCpKB6pUjlaYFpXyX0ZM),https://medium.com/ersiliaio/our-small-charity-explained-to-digital-nomads-d2702699fa75,Q2,2021,Miquel Duran Frigola
dream-challenge,Outstanding performance in a community challenge,15/6/2021,Chemical Checker results in a DREAM Challenge,cc-ordered.png (https://v5.airtableusercontent.com/v3/u/28/28/1714485600000/I8H7knHAD8MzS4GG9sereQ/MqmjTaEm0zMIPhGbnHcnJuouBi_5hQ4kCYyz52v1Ro6KwD6VQ1x5tBe0O63kIoJxrIg-13snTP4lw95OHVPLYTocNf-FrBsGnwx3YGFM8kyLMe97AN_SmA9A5r-SKItarsxPEniMZB8MefhPpi_suA/JiT4sk0edb78O80ap0JwBBGhoEL3u4pvlv9njdUL2Q4),https://medium.com/ersiliaio/outstanding-performance-in-a-community-challenge-for-pan-cancer-drug-discovery-4094d18e27fb,Q2,2021,Miquel Duran Frigola
novel-antimalarials,Open source drug discovery for novel antimalarials,16/6/2021,Ersilia participates in the Open Source Malaria project,belamy.png (https://v5.airtableusercontent.com/v3/u/28/28/1714485600000/FqEgRgYlK-fUyO-1AMDk4Q/ENSnIzgm5IvrawNwuQsFiEB4bqzxmbs44e3t6h5K8MJjSF2QUtXUY9w29l6YHRqiULtpzCDhkaenu-hwdNkrDo6ATuuqb1soBaZWeLX-d8B8yakABVv3CO6zyq32u6p_bOFOaoUfZlnko9Ese8WO4Q/EtEDR5GKP_hKc1h61H8mlmKL7B47kDk92R159QY-hLY),https://medium.com/ersiliaio/open-source-drug-discovery-for-novel-antimalarials-5ca8d51301fe,Q2,2021,Miquel Duran Frigola
uncreative-science,Uncreative science,22/6/2021,Some personal thoughts before populating the Ersilia Model Hub,brillo-boxes.png (https://v5.airtableusercontent.com/v3/u/28/28/1714485600000/vXwUgjFl5RACEtE50nKd5Q/KpxotamXBxax4az-Kkdqin-RfrGON5RmtZPKCYMrB46kmqR7xNJ1lOltEGqaV8vfg6cmldLbbIQ6f0U93Ssrf7Jrz9K-4wF9XP-IQV6EA34tSH7E9Edgq05D7Zs9np21h7vTP5DUpGl5RKCHd-CJjA/NWq5cL-Z16XcV-d5iY17zLcnYKu3pukSOE4IUwFbvew),https://medium.com/ersiliaio/uncreative-science-b89d5fca8563,Q2,2021,Miquel Duran Frigola
brand-guidelines,Ersilia Open Source Initiative Brand guidelines,28/6/2021,"Here we present our brand guidelines, including logo, fonts and color palettes",EOSI_BackgroundImage.jpg (https://v5.airtableusercontent.com/v3/u/28/28/1714485600000/3OUD9Xd3CtGzmFJT2hGHeA/oOzJe7drd4aqBWkXHIK_UULXzNs1yGtlF6u1y7pjHyzkkdj7ZxVNhfKXejFPdUwFktWZJXP23k0kwY6WNWeblzy-1sI3HJtsgsftsv47C-Lmf-5hqsU56epnLIkB_twSxHYfK3c4cMYOJ0Iu3NqoYH40QiL-H5PUlt-UdgsL51Q/8McO7R8jvgq0vlFAHPkzX92MLfOhlgq_QYUvCBrJxWE),https://medium.com/ersiliaio/ersilia-open-source-initiative-brand-guidelines-130fe53104f5,Q2,2021,Gemma Turon Rodrigo
fundoss-thanks,Thank you to the FundOSS team,5/7/2021,"We want to thank FundOSS for including the Ersilia Open Source Initiative in the pilot round of democratic funding for Open Source Software, as well as our 104 backers, who have helped us raise $13,752",fundoss.png (https://v5.airtableusercontent.com/v3/u/28/28/1714485600000/qmWa-RWXWIQUoovQiZucqg/BxrXUEtBP8HAg8iYBIrz5VrGhYnIQAWHoG-KpGeSntK_tk_RrxtePTnnC3bat-KK7cfSpbBDsbBIMaeeYjIIM2gM9W5zEHcAzYusT_U2iRWKYDIhxLp9dCrJARJ99CueGBA2p3QkNIC7ZJj5x-FS5A/hmvCPPD1JkK8XqDiD3ndSWlGLP8CTVYSO8FwbBNjaa4),https://medium.com/ersiliaio/thank-you-to-the-fundoss-team-71c131b79a3f,Q3,2021,Gemma Turon Rodrigo
beyond-hype,Beyond the hype of AI/ML in biomedicine,5/8/2021,What are the real capabilities of AI/ML and what is needed to efficiently incorporate it into day-to-day scientific research?,priscilla-du-preez-FOsina4f7qM-unsplash.jpg (https://v5.airtableusercontent.com/v3/u/28/28/1714485600000/mGjb6CIrEgYcpPTqMyHb0Q/mxGSg46M0_G45vlvkr-pMXe1O95dMYC0JVceTj4We6jpGrINEMlBohBGyse3OWmxWGPoTTrYnR740a0WjtCqlcj52QVWq8nYZyDfbe3TMTm2IvoN1RcLg5K5bDXxSHkpknizUdI06gVu-r4qbHXufCtvFqjFlkJWWOrvW5D9bYzdXlcHVcPaJb56PuHCh8I0/9BGukh89bwHKZ4_V3pJH6gUx9_6LjUPw8oS82sNRc6U),https://medium.com/ersiliaio/beyond-the-hype-of-ai-ml-in-biomedicine-76c198c07467,Q3,2021,Gemma Turon Rodrigo
ssi-health-check,Learnings from a software sustainability health check,15/8/2021,We underwent the online evaluation offered by the Software Sustainability Institute,1_c6en9hjl-WB75BMq0ZHQGA.jpeg (https://v5.airtableusercontent.com/v3/u/28/28/1714485600000/3LLVKKysagKhoWBGUSVVzw/058szU8kusRrZ1OZP7MWeny3e6Kq3QwjgSUzvXcFjBPk1pLZwVDXyk6hT9pBKSlS2TqFhqdWuxhoRIV7pF3qBTfXF8h5YqXUlqVeq2B8o85FosV9zSix-8j3VD4za_5d5DBUMd9eNCVKfu3mZS4yOkwFSWHTszV-O9gjrBcckps/CwjbmiHGiD9ppTVuJRKgigm4kptfDr8JRc7RGxrb-y4),https://medium.com/ersiliaio/learnings-from-a-software-sustainability-health-check-4699423f8529,Q3,2021,Miquel Duran Frigola
cranfield-support,Pro-bono support from the Cranfield Trust,31/8/2021,"If you are a charity leader and feel that professional business consultancy and mentoring can bring your charity to the next level, do not miss this post!",blogpost.jpeg (https://v5.airtableusercontent.com/v3/u/28/28/1714485600000/nJIo57Cfr7vErOTg4ujy0w/mv5gKQ3VKYC70iTC9m891V4IQJxosnAfp4ToC-goxzRHs7ZqwHnBb4oNIz1KJ7abZ1SkWc6uGPALnlz5kZW6k6shdiULnyOHiOQ6JgotbkR0q3v322I3Bifnzym7dNcvXKJv6O8fFHYYr4tOm2YD5g/w0eva2voWnr9LJc6jfIOaaXq2f5wBREuKje0GXLzoho),https://medium.com/ersiliaio/how-the-cranfield-trust-pro-bono-business-and-management-support-has-strengthened-eosis-e9c2b438580a,Q3,2021,Gemma Turon Rodrigo
open-collective,Open Collective is Redefining Open Organizations,2/10/2021,An example of the benefits of being an Open Collective for a charitable organisation like Ersilia.,network.jpg (https://v5.airtableusercontent.com/v3/u/28/28/1714485600000/tX8_ptxTkQuRjaKmHjsuug/BnVfuohbWMzfA-JlQTmmyNqiQkAk2kJQXJ8o8ZFSSncCe57TIKCIR2LbI2cHbDN1q61yvz94Q7sNAIybyYgMSDMuxNfDBwhQ-juZICCKKgNUDJzEOzkjSIRiYjVszcnGcvGJ6AWhUebT0QbBn95x7w/6ZQl1OIdRR2s83NMK485J1LvQP3dvzQ9tRAcufGqi90),https://medium.com/ersiliaio/how-open-collective-is-redefining-open-organizations-bcf9a773d15c,Q4,2021,Gemma Turon Rodrigo
coaching-fellowship,An insight into the journey with the Coaching Fellowship,17/12/2021,A personal share from Gemma's transition to becoming the CEO of Ersilia,wakeup.png (https://v5.airtableusercontent.com/v3/u/28/28/1714485600000/kcJ_W1qCk5eSw711rJn9eg/4EnLJNt0xugNd8TO2H_41LfPxTJr52qpCprU7DnJ3m2bkyenAX1TIPFynrI_DwjJSb7nuxu-Jh68UsPjSeGab0L8L4DeEgQk2CuDAGIjhNoWuMdV8FwjSrZFW1r-k0_dKJUffHe2FW1dRcgF9j-DNQ/0a14FEHKuJl8LYWYvJzsuZ0SHAy0mLd-ot_qfUZeKXs),https://medium.com/ersiliaio/an-insight-into-the-journey-with-the-coaching-fellowship-17e224b94902,Q4,2021,Gemma Turon Rodrigo
pubchem-bioassays,Downloading PubChem Bioassays made easy,26/1/2022,A simple script to download bioactivity data for small molecules,1_sp0tef8eWmaRamfHOCFq_Q.png (https://v5.airtableusercontent.com/v3/u/28/28/1714485600000/nxpHTYCsrBayGabJHTQOPQ/epZ9zja4LWXtvSWQ4z06bkgg3Po4d5XknX7phzVc0SmWY9fx4u-hJRTdxzxQAvHe6V1JNjgJdRDprI5oC51b_xBfqb7OUh1KyQuLCFcyRRqNumUyk-71VYNgAAEKtNTJPQOYngqGW5ng_QwJ-rBiKQfBMmHZ37fSHfpOf6i1KI4/ep0sHFS11qJDUWvvOFct9z1aSOHU7eSrXJ7Mkze2sEY),https://medium.com/ersiliaio/downloading-pubchem-bioassays-made-easy-132ddd8e21c4,Q1,2022,Gemma Turon Rodrigo
parasite-awards,But is it science?,30/1/2022,Thoughts about research parasitism and secondary data analysis,1_52OOu_nbTfTYXzukh7peGQ.jpeg (https://v5.airtableusercontent.com/v3/u/28/28/1714485600000/Vs7R22pu3Bp0cUZXZ_m7HQ/m8HcZ-Axr7H7cD_ry1IAB3mtelS5I3_PpaEkzTjbeXhni-5bZF347W-jBNprPQ1eosSmeUobQlKpjE5uMaMmS-7rc-uy3yUaOUm4xVcFA1qcQu_n7DdJA32IBPGLCnjs6deOWbfKpHRdIvg2ykIjYLlusITlOpsiTHFJAFW_G-0/0HalrPawdsYuobW3hj_SbZtQnEBl5mJ5N1yyUcfMZfM),https://medium.com/ersiliaio/but-is-it-science-e69cb4ff210a,Q1,2022,Miquel Duran Frigola
rembrandt-autopsy,The hand of Aris Kindt,20/2/2022,"Here some personal thoughts on the distance between the data scientist and the patient in biomedical research, based on an apparent mistake in Rembrandt's famous autopsy painting",Rembrandt_-_The_Anatomy_Lesson_of_Dr_Nicolaes_Tulp.jpg (https://v5.airtableusercontent.com/v3/u/28/28/1714485600000/PSpDK31H3o60O_zSNv9zCA/WxS_V1Ndu9RU9eYUh1z_CYhabGrmArmHvU-7XodZWCCabDcSJxf1TnUcJDJkJGI89edfEPqOFC3vZwhkDIh-8BPEno1aqks4LxwMD19uP755FzZypaNlbDYFNtFAdAltRyrUwzZ4yqmyflo6Z3znm72vQu-b0xLx682rLCbreo5h9ZLXGaCoe-nmRcLvqpP7NAIJLMerHQK4MMm8PKRlDA/VFFnrdnLtPRnTjoKviRNw6dVOx6Km_mtle5ZOawQoOk),https://medium.com/ersiliaio/the-hand-of-aris-kindt-247b79886104,Q1,2022,Miquel Duran Frigola
bioteque-embeddings,Knowledge as a list of numbers,29/5/2022,"If there is one thing I’ve been obsessed about as a researcher, this would be knowledge representation, or the art of converting the information we have about the real world into something a computer can manage (and even “understand”).",drug_painting.jpeg (https://v5.airtableusercontent.com/v3/u/28/28/1714485600000/CVQvrModbtrT8cDMeDXUbA/a_Z7o_lUCULqOC7bFRnl8inOBAlNF97jOZFavv43I-iBlGnW-_nEKGWdiQwGPJqi79NN6fU31OMMiKgoq1SjodjMu2rEes_87n2NROG4s0JiS8875P3om_3Awmy_yGHYKJ87bN_xI7YKB3c_wvbh8w/MB3R56-E6S9g-YcgcAmrH49s_ExYw_HlyJ-SmcfsRU0),https://medium.com/ersiliaio/knowledge-as-a-list-of-numbers-2329ce6f4a9a,Q2,2022,Miquel Duran Frigola
portable-science,Portable science,15/6/2022,"I often go back to Enrique Vila-Mata’s 1985 short novel Brief history of portable literature. I like all Vila-Matas, but this is one of my favourites, although probably not his best. I enjoy its blend of absurdity and erudition, I suppose.",duchamp-boite-en-valise-01.png (https://v5.airtableusercontent.com/v3/u/28/28/1714485600000/WuEYsNy9wlGPsb4xNnhPPQ/TB5ON8Fs1ErJAUbcjJZXxLDwfL6Zu-YjhsPYW8AUR1K4VbLcM3lIOSLo8hA4MU4zFpQMg4ARMmtJlX-LCdljAE4AQKJdWkN23zAGdWNOYIsBaamre8MzRSdiwTYMoZ8_1Rm3Ef7Jm0Goark3zgwxFdZei3R1SpDKRdRtR05e9m4/s71LKPLvElCr3tVrIFakUSBewGrPFzLjlbqQU06MHvk),https://medium.com/ersiliaio/portable-science-345c2faf3d39,Q2,2022,Miquel Duran Frigola
three-dilemmas-ffwd,Three dilemmas and how Fast Forward helped,19/7/2022,We explain how the Fast Forward Accelerator has helped us identify the best funding strategy for Ersilia.,KHOU3-FAST_FORWARD-04047.jpg (https://v5.airtableusercontent.com/v3/u/28/28/1714485600000/wErSwjST7QiApmAkGkdSnA/RY46f17Xz70C2MXi8TBHYsVaihKmyviTrILXtJYXAfLC9dlvf9NiZ7SqccmO1DR6VOcuoE2toVSpmxVcdJ9pWj-0jF2PozS7Rm84wdIX7fjNgsn4dWfR-anfrudg69FyhWq7Q0LPHDV8JzjjM64EjFisXkNROdjMRXdBM9kHvng/Od6R24ciKGF89EwbHWYGMfYX0T1B5dJMfcfIlouEERQ),https://medium.com/ersiliaio/three-dilemmas-for-our-tech-nonprofit-organization-and-how-fast-forward-disentangled-the-last-one-74fcd6f331ef,Q3,2022,Miquel Duran Frigola
losing-gaining-countries,"Losing, gaining countries",16/8/2022,"We recently visited the University of Buea, Cameroon, as part of a project to discover novel antivirals based on natural product compounds",nkono_2(1).jpeg (https://v5.airtableusercontent.com/v3/u/28/28/1714485600000/JTJ1xi5GMEkAx8c8D2NAEg/uEMWaK1pPEENY9aolr0IQrUcp2hqH_kpG6V2pKs3uiqfZ0mvwn3zrXAk1bEQoRyPN0YF5-MNKW9n8Kwp3gwcan1r2J1TgqWbnIL2Yf2xW_VkEfHwom9O6324O0jLa4rZm8f-ARZZOhay7KvJAt5a7w/xhUIB_Kr_3Ijg0XX_i1ixuqT4gKBbWqVmZQBmgHjOJ0),https://medium.com/ersiliaio/losing-gaining-countries-39a299375866,Q3,2022,Miquel Duran Frigola
privacy-preserving-ai,Privacy-preserving AI for drug discovery,13/9/2022,"We present ChemXOR, a software tool to build privacy-preserving AI models for drug discovery","""DALL·E 2022-09-12 22.50.41 - modern art of two people whispering a secret, with molecules everywhere.png (https://v5.airtableusercontent.com/v3/u/28/28/1714485600000/LlQhqlB4y4grW8MP-GZ-xQ/jLK40PE3BnYHC-QVHDkn-yoeio7AMg1IONVVz8jALvo23Lr54wNav5DnK5Y6ZIXTcxmS67Zh7Ih1nFcfsPqb2W16RGOmHN8PtEgS6W4PQxgbeYEfk8wk8A0TenmCXDEJTfOafQjBusGXujTV3mAtHXdId8heWfYp0I05QK0iE0YG5x77Uh_9d3juVgZOCkwfWCxZNRkc6m73nnagVBbjlBavr2W6mZlgSWLmFdiKMLo5WPjmdBrX5Gea8h20h-bb/ui3wi95rbqfmsHEUAc29Uh6PnCFqfltZ81GdOAYoXhg)""",https://medium.com/ersiliaio/we-need-to-know-if-it-is-worth-it-privacy-preserving-ai-for-drug-discovery-b6e8704f2832,Q3,2022,Miquel Duran Frigola
lab-bench-to-ssi,From the lab bench to an SSI fellowship,1/10/2022,"A short story about Ersilia’s co-founder journey from experimental sciences to computational biology, with the support from the Software Sustainability Institute.",1_4JtxxQv3rJrzdD986zklUQ.png (https://v5.airtableusercontent.com/v3/u/28/28/1714485600000/LEgSyOHGvDvr4eNTda7_Rg/VuvId7ow0jjxi7gPCdPSkN0-8UYeiuzAszcIhyKspchCyThIpZCbhTohUSy4hmVb_WV50zwJVxwQ2N-t7a_817S1xaMlSyNX1WBMJrbLMGGNJaMyWNO5AlUO7iVpJd9xoLDl8YtVyCRBu1WTZ2xNZTsaHYT88OqAKuXh9zsHE5w/YVd4udgh9FR7XLIZHaP2wlXXdfEtZLZirGBGMpTo-G8),https://medium.com/ersiliaio/from-the-lab-bench-to-an-ssi-fellowship-a4af4d24b4da,Q4,2022,Gemma Turon Rodrigo
global-health-bloom-prompts,Global Health prompts to an Artificial Intelligence language model,19/10/2022,"We have interacted with Bloom, an open source AI tool trained on a gigantic corpus of text, in search of insights into Global Health and our role as a non-profit organization","""DALL·E 2022-10-01 12.02.53 - Person speaking to many blooming flowers, modern art.png (https://v5.airtableusercontent.com/v3/u/28/28/1714485600000/IKPJlKQT1CydVEVM3iyKPQ/woKHQZJaq9Vr5gcH1xncxeSd6b5ewtfz-EKlBO84oiqHdamLxFOU4yDH15Kr3QM79lj5LxXmOJeBfzrfJ3E09cBOmHWzHJLvRP-Wr6YxQSbaYMBwQRAFTM8kUS847IV1wQiWw8pU-EhafuCpkkNE8w_DOd8gi3B40BmiboEhf2EF8tdT_16DvPRbs_6USeJLVu2GR7vacBRWUyKPdXxLwml_esPOefitrsENnj_qVOo/a6z1fsVSxPxKGX9QnF6DrmpGjMACdqR_ScROeUAtLeA)""",https://medium.com/ersiliaio/global-health-prompts-to-an-artificial-intelligence-language-model-367e48527831,Q4,2022,"Miquel Duran Frigola,Samuel Volk"
barcelona-health-hub,The new and the old,30/1/2023,"Ersilia is joining the Barcelona Health Hub, a digital health center located in the architectural ensemble of Hospital de Sant Pau",20181106_AeriaSantPau_3920-1.jpeg (https://v5.airtableusercontent.com/v3/u/28/28/1714485600000/DM_OBgqCAjLOmQN_FB7LgQ/B9-qdj4u8uJmGpUP7OQaLnJMU1l8uyokj2rfFm0Cd_FyeGT5AZ4TLbmsZ_7Bt9__TTVzJUmIKk31aEvLXwA_JM5dff7GOUdTKP5Qby4ZmkJJE7YaOyIXVPUYkHhgu5_RjwZS_ehDLeXGW3cKgl97Kpz_gJuQObPcltBHSK8_Nxo/cYKDfuIG27WL1FpHc--mjB7QNWlBfEymsBDsHqDd9AA),https://medium.com/ersiliaio/the-new-and-the-old-8edd57f671a5,Q1,2023,Miquel Duran Frigola
pharmacogenomics-knowledge-graph,Diagrammatic view of drug response variability in Africa,31/3/2023,We have kick-started a project with H3D to identify genetic traits specific to African populations that determine variability in malaria and tuberculosis treatment,1_sEe7PRDVidkInnvZde4kHg.webp (https://v5.airtableusercontent.com/v3/u/28/28/1714485600000/acs0XKVmKjzSnP4kAojsXw/hkEBcpHLrVbyYklgRETl1O3idcsDqQu-3-sD4nBz4gmOVAb1nIIOnSdemwHR7xBPWSyIRSq8GUbftsdNCrgPsxfyZagwnv5mlxmQDm984O_lVtDTnIu-tYThGeckil3VY6BKGYG0i_JVkV3vEahZp98FcpC7_Zksa3MJ6TGoVYk/XsK_s_O80dAArHIoGreTcsd1vMy9St_eYEIyNqpEEjs),https://medium.com/ersiliaio/diagrammatic-view-of-drug-response-variability-in-africa-d07e2360dc11,Q1,2023,Miquel Duran Frigola
post-science-decalogue,Scientific authorship and creativity in the age of AI,5/6/2023,AI-powered creativity may reshape how scientists approach their work and think about themselves. Visual arts and creative writing provide early examples.,HEADER_0.jpeg (https://v5.airtableusercontent.com/v3/u/28/28/1714485600000/7IIHDy0KKSqKPtGqhWJe9w/7kT3OHU9xLH9JoElMkkg_Hd3hnQeZ9rzHlqgkS62CVnGLeTWp0Vvc67mqCgNdeAvJFU8_UeAOyUPkB4Ov6FfkbZIhIfPPl1Tlx3uSIeFhvrFyiCdJvx0gq327CGW5fyO7aIdFD9j0YzEn83oGvTIFQ/sfW5DzgxVSeogiUBhD9sqovBmnfbwhup6Y_JIw_pJDU),https://medium.com/ersiliaio/scientific-authorship-and-creativity-in-the-age-of-ai-b8512abdf08f,Q2,2023,Miquel Duran Frigola
github-social-impact,Skills-Based Volunteering case study - How GitHub Actions help Ersilia,6/6/2023,Cynthia Lo (GitHub) reports how a team of GitHub volunteers has supported Ersilia to scale-up model incorporation workflows,take-github-repositories-ios.jpeg (https://v5.airtableusercontent.com/v3/u/28/28/1714485600000/_CNsn-53_gfi76hO6FJ7ew/6iJ7D7x0gyndsRRrfVTV9Dfbe_OeRcuK9HkBwwdX5z56wyMQkxJnSDt-JaEXFAvhHXPH9tperTQIZU1kpEA-fEDBKr15T5rZCFFpjQhH0Wvx7SMjCY11G8R9062K4wxymutCQ4VcoRq7D_pbGU9DFCfJ3fPO6rKMYbSRbexsYe4/jrHvUFiqXD3hoy1PzKeWla4lD0110InIiSRQDGQzbto),https://socialimpact.github.com/insights/Skills-Based-Volunteering-case-study-with-Ersilia/,Q2,2023,Cynthia Lo
rosauro-varo-cobos,Colonial medicine and global health,14/6/2023,"In a series of articles, Rosauro Varo Cobos offers his perspective on racism, colonialism and global health",cism.webp (https://v5.airtableusercontent.com/v3/u/28/28/1714485600000/hXaQyxxKpVDNlVhV0C9WCA/IDsNm3Rxj-C_sKmU35mDjb9Y3gYr0N4F879-2bM9YIThTkGBmBZSn5NJXoIVju4XL5EzwVwxH5niG0LBDgoRgYzUnKG4_P5YFQeT-mLx6Rxa27WZ3TtZ35RXomErBLGI8Bh8PBOVw_7d4uuePpYY0A/1SGK38dXcc7-6bVk916Ue3du0l1aGuPVRYfIvVsnQNw),https://medium.com/ersiliaio/colonial-medicine-and-global-health-711d90a1c7f8,Q2,2023,Miquel Duran Frigola
digital-ocean-customer-story,Towards AI model deployment with the support of Digital Ocean,26/7/2023,"In this customer story, Digital Ocean explains how they have helped Ersilia through the DO Ambassadors Program",social-share-default.e8530e9e.jpeg (https://v5.airtableusercontent.com/v3/u/28/28/1714485600000/67gb19sL3OGQPbCduqGb5g/nu6R_zCxSjOJKY01MOHeVhTS12es2jJLNcSkpVufhuTAvskHo3xKlhesbwQ9POO1_YOqMDRItFyZVJFiuq04g1pbHBdpM3Uf9h6llcWHtXwgTfUaBeo7Im_lTyZ0Xf0w4YGauC7ebL-ABSd6XFk0Y2ZXwek8ahQ3kgXcHHLbx_I/2a_JcvBN5Ykj17leu1R9J4HHHEGEQvrmVUrgrwF3eJU),https://www.digitalocean.com/customers/ersilia,Q3,2023,
wcair-drug-discovery,WCAIR’s drug discovery beginner’s guide for the Ersilia community,28/7/2023,"WCAIR, a leading center for anti-infective drug discovery, offered a one-month introductory course for data scientists and software engineers",IMG_20220728_101322-768x1024.jpg (https://v5.airtableusercontent.com/v3/u/28/28/1714485600000/Kt3ltW1aeaPDzkdt7taJOw/gJ7jV2zgFS4MBY7v9yrngoar3X_cEgExhPzHtwnEOfjKkR-OcaJ2DonLYg6bGFJDvWXWElpeoMAt8CytR2zpfF6HGc18QtFtYN70yqkhTNz_4kqPxKL_xfwbDzwnPgc2KQCiy4HoD_Ceo_lfAw-sXMdlZWDd-kXMu7aE_Vcf068/Vg61vEqkazFDMVmB-ZtcdXqUpS8eva3lMdbYEKzMvdA),https://medium.com/ersiliaio/wcairs-drug-discovery-beginner-s-guide-for-the-ersilia-community-3523b2487bdd,Q3,2023,Miquel Duran Frigola
splunk-for-good-partnership,Creating equitable global health: global impact partnering with Splunk,17/8/2023,Ersilia and Splunk have joined efforts to create scale up the Ersilia Model Hub,Lantern_Blog_Hero.png (https://v5.airtableusercontent.com/v3/u/28/28/1714485600000/6LuxoIwcxz5BdBw_YUvi8w/N-gtg0AD2-BLpty4TNjvZXs0wRHp9R49KOh9lEZTBQpeSvEu6vmr4P_0F56N9lci9h3HnGTszVL5yxhkisI8DYsLRp6Pr0VR4tFRsyFgsdgUdRCgz995CJJ7abk2SzNRFa7q_1VFpIYw9-ODzEBcDaFfOvBiX-jpO0Ikx5wSTYg/FHa2GUUktTHrh4tx3pq3EY7hzAPnPi0NhrzYuSzpCPI),https://www.splunk.com/en_us/blog/splunk-for-good/creating-equitable-global-health-global-impact-partnering-with-ersilia.html,Q3,2023,
diginomica-media-coverage,Tech for social good - how Ersilia taps into open science AI models to tackle infectious diseases,21/8/2023,The UK tech publisher Diginomica interviewed Ersilia's co-founders,jackson-david-1Y2snhZhH7M-unsplash.jpg (https://v5.airtableusercontent.com/v3/u/28/28/1714485600000/9oLkSce7cezY_Snk_Vyrmw/BsZkv9VGhZj_EJAYEWZqB3VUUts1brLEBpG7fix0X0RcmTmTR7AelKmN0qP6RyOM66nvNJ8EfgG59hRZFyB7DMzGUh0VGcB9L8QjBlabIye1Cu1JDDAKECiIIiskRvYJD9NLDCR5i3uI8zh5PisQ3e3iJ-sRr40hl_2g8xyMvOXR_0KMeQGUChuLDKpfONNq/9JdlUFm2EI2cvBoTgJUC6xljXKjVL_M_7U21b7rJ-Xw),https://diginomica.com/tech-social-good-how-ersillia-taps-open-science-ai-models-tackle-infectious-diseases,Q3,2023,
ub-cedd-course,"Witnessing the launch of the Center for Drug Discovery at the University of Buea, Cameroon",2/10/2023,"Ersilia has offered training in AI and participated in the foundational workshop of the recently inaugurated Center for Drug Discovery, supported by the Bill & Melinda Gates Foundation",IMG_20230925_171941.jpg (https://v5.airtableusercontent.com/v3/u/28/28/1714485600000/ewKsBFqKK5hPsyz0tseoqw/5oalfIZw0P5HC2zTYL1r2ijkvAUZGOtxzUHMgo1VCPhn-RC8iT6Y8eu_kG-qsB7EUq4w3ELcUy_zIZbrstOaM3yGDfUp5_tdhC2lYbzrNAsLmVOB18xfwN-QGwIHlXcK0Xs3rlMkL23ibTZcZMvxo87gS715fbCxLcIAywueuk0/6rQyrZTj0Fsv0XeztEyL3c3MRIQEHczrMStFTpjiodw),https://medium.com/ersiliaio/witnessing-the-launch-of-the-center-for-drug-discovery-at-the-university-of-buea-cameroon-cf0e27471a2b,Q4,2023,Miquel Duran Frigola
ankur-kumar-interview,From machine learning to biomedicine: a journey in code,6/10/2023,Our Trustee Alacia Armstrong interviews Ankur Kumar,IMG_6052.jpg (https://v5.airtableusercontent.com/v3/u/28/28/1714485600000/re5OVyefS-KoAqy8K75yxw/0yFIBsI2d-oGWzxFi91vOPZWaz8RaVYKEc4HhATUwgDeV9oJ0vP-O3NVaB3mJAxJ_z_KnhRpza8_LrG12tjp44ELyQ5rEmv3_1MopdaenzeXbdgAWD6Mbt5Jo1eg3bxSbwaHc-Z2LfAR3_PHC5zXLA/ca5tjJB8v4g8V0eT9FCoYglxz6UGsRWWTKqWHeOv-ag),https://medium.com/ersiliaio/from-machine-learning-to-biomedicine-a-journey-in-code-c38eb4edcf23,Q4,2023,Alacia Armstrong
calvino-centenary,Invisible cities so far,27/10/2023,"2023 marks the centenary of Italo Calvino. Our organisation, Ersilia, is named after a city imagined in his book Invisible Cities",Calvino.png (https://v5.airtableusercontent.com/v3/u/28/28/1714485600000/-1T2Rb_3UEkzevgmReMfrA/j-b13ClqeZgNS4eHG6YoqHEhJ5Kxo4ZA5Du9HakgNxAipq5tUvC6wuZ2LQ3jMTysUwsWXLo5YxltCGZi5UAzXmN7_h3K1K6op_5cVZPcrnKykf0vT6pP4qOV_inf6-TunhKSUurqnuMrRr5f3zkIdw/uMZPtRw3eLDS5gAH4WHt1Vv773Kb8WmBivd2zu0HshI),https://medium.com/ersiliaio/invisible-cities-so-far-748248bee9d7,Q4,2023,Miquel Duran Frigola
skill-based-volunteering,Four success stories of skills-based volunteering at Ersilia,18/12/2023,"We have found that skill-based volunteering is an effective strategy for enabling open source contributions in biomedical research from software developers who, despite not specialising in this field, are keen to participate",IMG_6077.jpg (https://v5.airtableusercontent.com/v3/u/28/28/1714485600000/a8jsiTEutzQ7hNbgGXPNdg/E-RiAQ6nl9ZTd8_DvMkyCZjvfXLL9JezZ1KxqQvtFimV0JdrzdvjIboqKoqEoOzgsMShbHwb5ofIhD5186xLmvFEfmZLhq7VTirlrmwDl-Dkd9csBGBuySITy--VMBEzMfNdy0rrJ8gTedu2yfTIUQ/osOkSvTT5IYQBZ3DEemIx_qx3QfRgLufuin1jTi_AT8),https://medium.com/ersiliaio/four-success-stories-of-skills-based-volunteering-at-ersilia-83b4fe2c6589,Q4,2023,Miquel Duran Frigola
gdi-model-inference,Pipeline Dreams: SMILES All Around as MLOps Boosts Drug Discovery,6/1/2024,The Good Data Institute wrote this piece on the model inference pipeline they built for Ersilia,30c761_bee7ee2e5e5643fa86eb13760927ea8d~mv2.webp (https://v5.airtableusercontent.com/v3/u/28/28/1714485600000/nWtDxjo3XMrAegOxdFweHg/g7-4Q-zxEvkQuq0nxxsEgmzr2ccsV3KrRdwYH5wgI1-1CgYZJGWkad4yfPZAeXCOrgOiH7kNjwVL6OX6q9wnDVkbyP35OfK_pm8xaQJrAW7dSWLr9gp01hGoANGbyqBkRAti_owt0lt4V7lSaHTu9pChuFby_6Y8qkpG5ylj6wyJlvCjyf4lkRl541NDXzj6/rFcjRxLGweiMfpxugcQ9Rtoedx-UXYk8nwF6HojIun0),https://www.gooddatainstitute.com/post/pipeline-dreams-smiles-all-around-as-mlops-boosts-drug-discovery,Q1,2024,David Cole
nature-commun-ssi,Ersilia: AI as a tool for drug discovery in Africa,19/1/2024,The SSI Fellowship supported the open access publication of our work with H3D,RSEcon24 (10).png (https://v5.airtableusercontent.com/v3/u/28/28/1714485600000/Ca2-m1ETkkYsNmd5ZyYevg/5gBNri0lcnq6eOyHn621-Tr9USpH1dbNGBNf4x18fMkkb_42np_jHbYc2Ct35Ct3stTz1e12LkJcRl4Q8Z4RPVxcEevydb80QotidQ3A2IUEczmmMTvZPfOv-TwQRVB17qEIM2pO8xzGxRQ3SKCNkQ/X0wEa6ja0hKbJzlDrZ2bPCpoNP0bPGMsVA3jb9YKwXs),https://www.software.ac.uk/blog/ersilia-ai-tool-drug-discovery-africa,Q1,2024,Gemma Turon Rodrigo
brazmedchem-ssi,BrazMedChem: attending the largest medicinal chemistry conference in Latin America,13/2/2024,Gemma was invited to give a lecture at the 2023 BrazMedChem conference in Salvador de Bahia,Image-2.jpeg (https://v5.airtableusercontent.com/v3/u/28/28/1714485600000/hiPczBD998DKvV88mGAZ8w/s6r58X7frE4dhC8uFB0yPTAGh3QKU1ozmqTkqJrYlKDa6ubADKka3ojHrMaI_YbYtx7B9_FDQ2QsZjbmbO1hNVxgYoWkFUqk12hgP9MaRzf2GNfAaZli50rKEab_umHvd-yDi9OUVP59W5MkT_oDxg/WQq_QNCgt4CyblAnCLyxA2QXSsU3eW98wcnMljK5YvU),https://www.software.ac.uk/blog/brazmedchem-attending-largest-medicinal-chemistry-conference-latin-america,Q1,2024,Gemma Turon Rodrigo
chemoproteomics-cemm,Providing data science support to important drug discovery studies— the largest chemoproteomics screen available to date,26/4/2024,"We have analysed the results of a proteome-wide ligand screening experiment carried out by Georg Winter’s lab at CeMM, Vienna",1_LPWGJRLgfys9Tptyb5o16A.webp (https://v5.airtableusercontent.com/v3/u/28/28/1714485600000/b9s7Wa0mQlrwAsRMBzN4Yg/8ImpOEiHZ-RWAvGyie5p2TtN_kJVwLShRrwZIXwVwXhQlc6rQOGZGYn3aF4ypNzH3i7GnNje7ZMWC3o0VbtOfLv0lnrJn2L8rEyYdmeTsH2EMJJlQtGbNCT9p1Bh_cmvY1RMAJqNQGuivdIil3nfl7gccm3YEaNdxyWz-UF4cDiSReCSJmrETcjfnUySmprF/QxtVRjOBoZPCrCBoRkgbkuMf1XuBdFKZqfWi-7PyROc),https://medium.com/ersiliaio/providing-data-science-support-to-important-drug-discovery-studies-the-largest-chemoproteomics-f62528a03c27,Q2,2024,Miquel Duran Frigola